district,air_quality_index,pm2_5,pm10,no2,noise_level_db,green_coverage_pct
Канавинский,2,7.6,8.1,1.5,52.4,36.5
Ленинский,2,7.6,8.1,1.5,47.9,49.8
Московский,2,7.6,8.1,1.5,43.9,29.9
Нижегородский,2,7.8,8.3,1.4,47.8,58.4
Приокский,2,7.6,8.1,1.5,50.1,16.6
Советский,2,7.8,8.3,1.4,37.4,43.1
Сормовский,2,7.6,8.1,1.5,47.5,10.0
Автозаводский,2,7.6,8.1,1.5,44.6,23.2
